id_p;image;CV;domaine;XP;salaire
1;https://firebasestorage.googleapis.com/v0/b/hellotest-d428.appspot.com/o/606587.png?alt=media&token=6b757506-235b-44c9-bbac-8ba9d0ead68a;;developpeurFullstack;750;1000
2;https://firebasestorage.googleapis.com/v0/b/hellotest-d428.appspot.com/o/606587.png?alt=media&token=6b757506-235b-44c9-bbac-8ba9d0ead68a;;developpeurFrontEnd;400;700
3;https://firebasestorage.googleapis.com/v0/b/hellotest-d428.appspot.com/o/606587.png?alt=media&token=6b757506-235b-44c9-bbac-8ba9d0ead68a;;developpeurFrontEnd;360;650
4;https://firebasestorage.googleapis.com/v0/b/hellotest-d428.appspot.com/o/606587.png?alt=media&token=6b757506-235b-44c9-bbac-8ba9d0ead68a;;developpeurBackEnd;400;900
5;https://firebasestorage.googleapis.com/v0/b/hellotest-d428.appspot.com/o/606587.png?alt=media&token=6b757506-235b-44c9-bbac-8ba9d0ead68a;;developpeurDesktop;250;600
6;https://firebasestorage.googleapis.com/v0/b/hellotest-d428.appspot.com/o/606587.png?alt=media&token=6b757506-235b-44c9-bbac-8ba9d0ead68a;;adminstratur reseaux;100;950
7;https://firebasestorage.googleapis.com/v0/b/hellotest-d428.appspot.com/o/606587.png?alt=media&token=6b757506-235b-44c9-bbac-8ba9d0ead68a;;testeur;140;900
8;https://firebasestorage.googleapis.com/v0/b/hellotest-d428.appspot.com/o/606587.png?alt=media&token=6b757506-235b-44c9-bbac-8ba9d0ead68a;;developpeurFullstack;20;500
9;https://firebasestorage.googleapis.com/v0/b/hellotest-d428.appspot.com/o/606587.png?alt=media&token=6b757506-235b-44c9-bbac-8ba9d0ead68a;;developpeurMobile;40;500
10;https://firebasestorage.googleapis.com/v0/b/hellotest-d428.appspot.com/o/606587.png?alt=media&token=6b757506-235b-44c9-bbac-8ba9d0ead68a;;testeur;50;500
